PRAGMA foreign_keys=OFF;
BEGIN TRANSACTION;
CREATE TABLE IF NOT EXISTS "django_migrations" ("id" integer NOT NULL PRIMARY KEY AUTOINCREMENT, "app" varchar(255) NOT NULL, "name" varchar(255) NOT NULL, "applied" datetime NOT NULL);
INSERT INTO django_migrations VALUES(1,'contenttypes','0001_initial','2025-07-11 14:55:11.050407');
INSERT INTO django_migrations VALUES(2,'contenttypes','0002_remove_content_type_name','2025-07-11 14:55:11.060994');
INSERT INTO django_migrations VALUES(3,'auth','0001_initial','2025-07-11 14:55:11.077850');
INSERT INTO django_migrations VALUES(4,'auth','0002_alter_permission_name_max_length','2025-07-11 14:55:11.085941');
INSERT INTO django_migrations VALUES(5,'auth','0003_alter_user_email_max_length','2025-07-11 14:55:11.094778');
INSERT INTO django_migrations VALUES(6,'auth','0004_alter_user_username_opts','2025-07-11 14:55:11.102085');
INSERT INTO django_migrations VALUES(7,'auth','0005_alter_user_last_login_null','2025-07-11 14:55:11.109547');
INSERT INTO django_migrations VALUES(8,'auth','0006_require_contenttypes_0002','2025-07-11 14:55:11.113437');
INSERT INTO django_migrations VALUES(9,'auth','0007_alter_validators_add_error_messages','2025-07-11 14:55:11.121361');
INSERT INTO django_migrations VALUES(10,'auth','0008_alter_user_username_max_length','2025-07-11 14:55:11.128188');
INSERT INTO django_migrations VALUES(11,'auth','0009_alter_user_last_name_max_length','2025-07-11 14:55:11.136052');
INSERT INTO django_migrations VALUES(12,'auth','0010_alter_group_name_max_length','2025-07-11 14:55:11.145223');
INSERT INTO django_migrations VALUES(13,'auth','0011_update_proxy_permissions','2025-07-11 14:55:11.153286');
INSERT INTO django_migrations VALUES(14,'auth','0012_alter_user_first_name_max_length','2025-07-11 14:55:11.160040');
INSERT INTO django_migrations VALUES(15,'usuarios','0001_initial','2025-07-11 14:55:11.175060');
INSERT INTO django_migrations VALUES(16,'admin','0001_initial','2025-07-11 14:55:11.188707');
INSERT INTO django_migrations VALUES(17,'admin','0002_logentry_remove_auto_add','2025-07-11 14:55:11.200363');
INSERT INTO django_migrations VALUES(18,'admin','0003_logentry_add_action_flag_choices','2025-07-11 14:55:11.210261');
INSERT INTO django_migrations VALUES(19,'api','0001_initial','2025-07-11 14:55:11.218814');
INSERT INTO django_migrations VALUES(20,'api','0002_initial','2025-07-11 14:55:11.273665');
INSERT INTO django_migrations VALUES(21,'sessions','0001_initial','2025-07-11 14:55:11.282598');
INSERT INTO django_migrations VALUES(22,'api','0003_mensajecontacto','2025-07-22 18:13:00.564274');
CREATE TABLE IF NOT EXISTS "django_content_type" ("id" integer NOT NULL PRIMARY KEY AUTOINCREMENT, "app_label" varchar(100) NOT NULL, "model" varchar(100) NOT NULL);
INSERT INTO django_content_type VALUES(1,'admin','logentry');
INSERT INTO django_content_type VALUES(2,'auth','permission');
INSERT INTO django_content_type VALUES(3,'auth','group');
INSERT INTO django_content_type VALUES(4,'contenttypes','contenttype');
INSERT INTO django_content_type VALUES(5,'sessions','session');
INSERT INTO django_content_type VALUES(6,'api','documentocliente');
INSERT INTO django_content_type VALUES(7,'api','documentoleido');
INSERT INTO django_content_type VALUES(8,'api','mensajecliente');
INSERT INTO django_content_type VALUES(9,'api','noticia');
INSERT INTO django_content_type VALUES(10,'usuarios','customuser');
INSERT INTO django_content_type VALUES(11,'api','mensajecontacto');
CREATE TABLE IF NOT EXISTS "auth_group_permissions" ("id" integer NOT NULL PRIMARY KEY AUTOINCREMENT, "group_id" integer NOT NULL REFERENCES "auth_group" ("id") DEFERRABLE INITIALLY DEFERRED, "permission_id" integer NOT NULL REFERENCES "auth_permission" ("id") DEFERRABLE INITIALLY DEFERRED);
CREATE TABLE IF NOT EXISTS "auth_permission" ("id" integer NOT NULL PRIMARY KEY AUTOINCREMENT, "content_type_id" integer NOT NULL REFERENCES "django_content_type" ("id") DEFERRABLE INITIALLY DEFERRED, "codename" varchar(100) NOT NULL, "name" varchar(255) NOT NULL);
INSERT INTO auth_permission VALUES(1,1,'add_logentry','Can add log entry');
INSERT INTO auth_permission VALUES(2,1,'change_logentry','Can change log entry');
INSERT INTO auth_permission VALUES(3,1,'delete_logentry','Can delete log entry');
INSERT INTO auth_permission VALUES(4,1,'view_logentry','Can view log entry');
INSERT INTO auth_permission VALUES(5,2,'add_permission','Can add permission');
INSERT INTO auth_permission VALUES(6,2,'change_permission','Can change permission');
INSERT INTO auth_permission VALUES(7,2,'delete_permission','Can delete permission');
INSERT INTO auth_permission VALUES(8,2,'view_permission','Can view permission');
INSERT INTO auth_permission VALUES(9,3,'add_group','Can add group');
INSERT INTO auth_permission VALUES(10,3,'change_group','Can change group');
INSERT INTO auth_permission VALUES(11,3,'delete_group','Can delete group');
INSERT INTO auth_permission VALUES(12,3,'view_group','Can view group');
INSERT INTO auth_permission VALUES(13,4,'add_contenttype','Can add content type');
INSERT INTO auth_permission VALUES(14,4,'change_contenttype','Can change content type');
INSERT INTO auth_permission VALUES(15,4,'delete_contenttype','Can delete content type');
INSERT INTO auth_permission VALUES(16,4,'view_contenttype','Can view content type');
INSERT INTO auth_permission VALUES(17,5,'add_session','Can add session');
INSERT INTO auth_permission VALUES(18,5,'change_session','Can change session');
INSERT INTO auth_permission VALUES(19,5,'delete_session','Can delete session');
INSERT INTO auth_permission VALUES(20,5,'view_session','Can view session');
INSERT INTO auth_permission VALUES(21,6,'add_documentocliente','Can add documento cliente');
INSERT INTO auth_permission VALUES(22,6,'change_documentocliente','Can change documento cliente');
INSERT INTO auth_permission VALUES(23,6,'delete_documentocliente','Can delete documento cliente');
INSERT INTO auth_permission VALUES(24,6,'view_documentocliente','Can view documento cliente');
INSERT INTO auth_permission VALUES(25,7,'add_documentoleido','Can add documento leido');
INSERT INTO auth_permission VALUES(26,7,'change_documentoleido','Can change documento leido');
INSERT INTO auth_permission VALUES(27,7,'delete_documentoleido','Can delete documento leido');
INSERT INTO auth_permission VALUES(28,7,'view_documentoleido','Can view documento leido');
INSERT INTO auth_permission VALUES(29,8,'add_mensajecliente','Can add mensaje cliente');
INSERT INTO auth_permission VALUES(30,8,'change_mensajecliente','Can change mensaje cliente');
INSERT INTO auth_permission VALUES(31,8,'delete_mensajecliente','Can delete mensaje cliente');
INSERT INTO auth_permission VALUES(32,8,'view_mensajecliente','Can view mensaje cliente');
INSERT INTO auth_permission VALUES(33,9,'add_noticia','Can add noticia');
INSERT INTO auth_permission VALUES(34,9,'change_noticia','Can change noticia');
INSERT INTO auth_permission VALUES(35,9,'delete_noticia','Can delete noticia');
INSERT INTO auth_permission VALUES(36,9,'view_noticia','Can view noticia');
INSERT INTO auth_permission VALUES(37,10,'add_customuser','Can add user');
INSERT INTO auth_permission VALUES(38,10,'change_customuser','Can change user');
INSERT INTO auth_permission VALUES(39,10,'delete_customuser','Can delete user');
INSERT INTO auth_permission VALUES(40,10,'view_customuser','Can view user');
INSERT INTO auth_permission VALUES(41,11,'add_mensajecontacto','Can add mensaje contacto');
INSERT INTO auth_permission VALUES(42,11,'change_mensajecontacto','Can change mensaje contacto');
INSERT INTO auth_permission VALUES(43,11,'delete_mensajecontacto','Can delete mensaje contacto');
INSERT INTO auth_permission VALUES(44,11,'view_mensajecontacto','Can view mensaje contacto');
CREATE TABLE IF NOT EXISTS "auth_group" ("id" integer NOT NULL PRIMARY KEY AUTOINCREMENT, "name" varchar(150) NOT NULL UNIQUE);
CREATE TABLE IF NOT EXISTS "usuarios_customuser" ("id" integer NOT NULL PRIMARY KEY AUTOINCREMENT, "password" varchar(128) NOT NULL, "last_login" datetime NULL, "is_superuser" bool NOT NULL, "username" varchar(150) NOT NULL UNIQUE, "first_name" varchar(150) NOT NULL, "last_name" varchar(150) NOT NULL, "email" varchar(254) NOT NULL, "is_staff" bool NOT NULL, "is_active" bool NOT NULL, "date_joined" datetime NOT NULL, "rol" varchar(20) NOT NULL);
INSERT INTO usuarios_customuser VALUES(1,'pbkdf2_sha256$1000000$8txWidGKh8xMQeO1JaSla8$LSe31PK+FMuskTcDIAdeiauxIlwo/2rB2T+Hz34Nt/c=','2025-07-12 12:41:29.205517',1,'jorgem','','','jmarkezg@gmail.com',1,1,'2025-07-11 14:57:38','gerente');
INSERT INTO usuarios_customuser VALUES(2,'pbkdf2_sha256$1000000$Dqj12ACnNpInUL5WczwQ60$s10FrjLbiKpROJS1v+7vK6/5IIP19tlYDfgcyfE3AHM=',NULL,0,'Javier','','','javie.silvav@duocuc.cl',0,1,'2025-07-11 15:14:17.421911','cliente');
INSERT INTO usuarios_customuser VALUES(3,'pbkdf2_sha256$1000000$ndQLIXfXHOnCU4hv5yDwLC$UiVP+Q7OFfuIzp2tugrvUgxImaiTJ3Z6ixZxLshCbK8=',NULL,0,'Javier2','','','jsilvavillalobos42@gmail.com',0,1,'2025-07-12 13:01:15.742915','cliente');
CREATE TABLE IF NOT EXISTS "usuarios_customuser_groups" ("id" integer NOT NULL PRIMARY KEY AUTOINCREMENT, "customuser_id" bigint NOT NULL REFERENCES "usuarios_customuser" ("id") DEFERRABLE INITIALLY DEFERRED, "group_id" integer NOT NULL REFERENCES "auth_group" ("id") DEFERRABLE INITIALLY DEFERRED);
CREATE TABLE IF NOT EXISTS "usuarios_customuser_user_permissions" ("id" integer NOT NULL PRIMARY KEY AUTOINCREMENT, "customuser_id" bigint NOT NULL REFERENCES "usuarios_customuser" ("id") DEFERRABLE INITIALLY DEFERRED, "permission_id" integer NOT NULL REFERENCES "auth_permission" ("id") DEFERRABLE INITIALLY DEFERRED);
CREATE TABLE IF NOT EXISTS "django_admin_log" ("id" integer NOT NULL PRIMARY KEY AUTOINCREMENT, "object_id" text NULL, "object_repr" varchar(200) NOT NULL, "action_flag" smallint unsigned NOT NULL CHECK ("action_flag" >= 0), "change_message" text NOT NULL, "content_type_id" integer NULL REFERENCES "django_content_type" ("id") DEFERRABLE INITIALLY DEFERRED, "user_id" bigint NOT NULL REFERENCES "usuarios_customuser" ("id") DEFERRABLE INITIALLY DEFERRED, "action_time" datetime NOT NULL);
INSERT INTO django_admin_log VALUES(1,'1','jorgem',2,'[{"changed": {"fields": ["Rol"]}}]',10,1,'2025-07-11 15:01:22.085325');
INSERT INTO django_admin_log VALUES(2,'1','Documento de Javier - prueba',1,'[{"added": {}}]',6,1,'2025-07-11 15:14:51.588465');
INSERT INTO django_admin_log VALUES(3,'1','Documento de Javier - prueba',3,'',6,1,'2025-07-11 15:20:20.212503');
INSERT INTO django_admin_log VALUES(4,'2','Documento de Javier - prueba',1,'[{"added": {}}]',6,1,'2025-07-11 15:23:43.373452');
INSERT INTO django_admin_log VALUES(5,'2','Documento de Javier - prueba',3,'',6,1,'2025-07-11 16:11:22.190615');
INSERT INTO django_admin_log VALUES(6,'3','Documento de Javier - prueba',1,'[{"added": {}}]',6,1,'2025-07-11 16:11:35.193113');
INSERT INTO django_admin_log VALUES(7,'1','MensajeCliente object (1)',1,'[{"added": {}}]',8,1,'2025-07-11 16:15:33.164277');
CREATE TABLE IF NOT EXISTS "api_noticia" ("id" integer NOT NULL PRIMARY KEY AUTOINCREMENT, "titulo" varchar(255) NOT NULL, "url" varchar(200) NOT NULL UNIQUE, "categoria" varchar(50) NOT NULL, "fuente" varchar(100) NOT NULL, "fecha_publicacion" date NULL, "fecha_scraping" datetime NOT NULL);
INSERT INTO api_noticia VALUES(1,'Achs Seguro Laboral y Scotiabank celebran exitosa Semana de la Seguridad y Salud en el Trabajo 2025','https://www.achs.cl/centro-de-noticias/noticia/2025/achs-seguro-laboral-y-scotiabank-celebran-exitosa-semana-de-la-seguridad-y-salud-en-el-trabajo-2025','laboral','ACHS',NULL,'2025-07-11 14:58:24.152397');
INSERT INTO api_noticia VALUES(2,'Achs Seguro Laboral y Grupo Deloitte renuevan alianza estratégica','https://www.achs.cl/centro-de-noticias/noticia/2025/achs-seguro-laboral-y-grupo-deloitte-renuevan-alianza-estratégica','laboral','ACHS',NULL,'2025-07-11 14:58:24.157648');
INSERT INTO api_noticia VALUES(3,'Dirección del Trabajo recibe vehículos 4x4 y certificación en conducción segura gracias a alianza con Achs Seguro Laboral','https://www.achs.cl/centro-de-noticias/noticia/2025/dirección-del-trabajo-recibe-vehículos-4x4-y-certificación-en-conducción-segura-gracias-a-alianza-con-achs-seguro-laboral','laboral','ACHS',NULL,'2025-07-11 14:58:24.163564');
INSERT INTO api_noticia VALUES(4,'NUEVAS LEYES, REGLAMENTOS Y DECRETOS LEGALES','https://www.achs.cl/centro-de-noticias/noticia/2025/nuevas-leyes-reglamentos-y-decretos-legales','laboral','ACHS',NULL,'2025-07-11 14:58:24.167830');
INSERT INTO api_noticia VALUES(5,'Nuestra ruta para promover una cultura de prevención en los centros de trabajo: Conoce las principales acciones','https://www.achs.cl/centro-de-noticias/noticia/2025/nuestra-ruta-para-promover-una-cultura-de-prevencion-en-los-centros-de-trabajo--conoce-las-principales-acciones','laboral','ACHS',NULL,'2025-07-11 14:58:24.172307');
INSERT INTO api_noticia VALUES(6,'Centro Achs Salud Las Condes cambia de ubicación e inaugura moderna infraestructura','https://www.achs.cl/centro-de-noticias/noticia/2025/centro-achs-salud-las-condes-abre-sus-puertas-con-moderna-infraestructura-en-una-nueva-ubicación','laboral','ACHS',NULL,'2025-07-11 14:58:24.177112');
INSERT INTO api_noticia VALUES(7,'Conoce algunos de los simuladores de realidad que están disponibles para capacitar a tus trabajadores','https://www.achs.cl/centro-de-noticias/noticia/2025/conoce-algunos-de-los-simuladores-de-realidad-que-están-disponibles-para-capacitar-a-tus-trabajadores','laboral','ACHS',NULL,'2025-07-11 14:58:24.182860');
INSERT INTO api_noticia VALUES(8,'MUNNICH, CESFAR, SATILIS y Achs Seguro Laboral formalizan acuerdo colaborativo 2025','https://www.achs.cl/centro-de-noticias/noticia/2025/munnich--cesfar--satilis-y-achs-seguro-laboral-formalizan-acuerdo-colaborativo-2025','laboral','ACHS',NULL,'2025-07-11 14:58:24.187421');
INSERT INTO api_noticia VALUES(9,'Provefarma y Achs Seguro Laboral formalizan Acuerdo Colaborativo 2025 para fortalecer la cultura preventiva','https://www.achs.cl/centro-de-noticias/noticia/2025/provefarma-y-achs-seguro-laboral-formalizan-acuerdo-colaborativo-2025-para-fortalecer-la-cultura-preventiva','laboral','ACHS',NULL,'2025-07-11 14:58:24.191486');
INSERT INTO api_noticia VALUES(10,'Undécima Ronda del Termómetro de la Salud Mental Achs-UC:','https://www.achs.cl/centro-de-noticias/noticia/2025/undécima-ronda-del-termómetro-de-la-salud-mental-achs-uc','laboral','ACHS',NULL,'2025-07-11 14:58:24.195937');
INSERT INTO api_noticia VALUES(11,'Consejo Consultivo identifica avances y oportunidades de mejora para la implementación de la Ley Karin','https://www.achs.cl/centro-de-noticias/noticia/2025/consejo-consultivo-identifica-avances-y-oportunidades-de-mejora-para-la-implementación-de-la-ley-karin','laboral','ACHS',NULL,'2025-07-11 14:58:24.199803');
INSERT INTO api_noticia VALUES(12,'Achs Seguro Laboral, FEMSA Salud y Socofar Agencia en Chile firman acuerdo colaborativo de trabajo 2025','https://www.achs.cl/centro-de-noticias/noticia/2025/achs-seguro-laboral--femsa-salud-y-socofar-agencia-en-chile-firman-acuerdo-colaborativo-de-trabajo-2025','laboral','ACHS',NULL,'2025-07-11 14:58:24.204462');
INSERT INTO api_noticia VALUES(13,'Presentan primera piedra de la remodelación del centro Achs Salud en Valdivia: un compromiso con la seguridad y salud de la comunidad','https://www.achs.cl/centro-de-noticias/noticia/2025/presentan-primera-piedra-de-la-remodelacion-del-centro-achs-salud-en-valdivia-un-compromiso-con-la-seguridad-y-salud-de-la-comunidad','laboral','ACHS',NULL,'2025-07-11 14:58:24.208879');
INSERT INTO api_noticia VALUES(14,'Firma de colaboración en el año 2025 entre Achs Seguro Laboral y Maicao','https://www.achs.cl/centro-de-noticias/noticia/2025/firma-de-colaboracion-en-el-ano-2025-entre-achs-seguro-laboral-y-maicao','laboral','ACHS',NULL,'2025-07-11 14:58:24.213176');
INSERT INTO api_noticia VALUES(15,'Achs Seguro Laboral, Intercob y SPIN firman acuerdo de trabajo 2025','https://www.achs.cl/centro-de-noticias/noticia/2025/achs-seguro-laboral-intercob-y-spin-firman-acuerdo-de-trabajo-2025','laboral','ACHS',NULL,'2025-07-11 14:58:24.217428');
INSERT INTO api_noticia VALUES(16,'Achs Seguro Laboral  e Intercarry Logística firman acuerdo colaborativo de trabajo 2025','https://www.achs.cl/centro-de-noticias/noticia/2025/achs-seguro-laboral-e-intercarry-logistica-firman-acuerdo-colaborativo-de-trabajo-2025','laboral','ACHS',NULL,'2025-07-11 14:58:24.223350');
INSERT INTO api_noticia VALUES(17,'CajaVecina y Achs Seguro Laboral firman acuerdo de colaboración para fortalecer la prevención y seguridad laboral','https://www.achs.cl/centro-de-noticias/noticia/2025/cajavecina-y-achs-seguro-laboral-firman-acuerdo-de-colaboración-para-fortalecer-la-prevención-y-seguridad-laboral','laboral','ACHS',NULL,'2025-07-11 14:58:24.226962');
INSERT INTO api_noticia VALUES(18,'BancoEstado Corredores de Bolsa y Achs Seguro Laboral firman acuerdo de colaboración 2025','https://www.achs.cl/centro-de-noticias/noticia/2025/bancoestado-corredores-de-bolsa-y-achs-seguro-laboral-firman-acuerdo-de-colaboración-2025','laboral','ACHS',NULL,'2025-07-11 14:58:24.232456');
INSERT INTO api_noticia VALUES(19,'Hospital del Trabajador Achs Salud inaugura nueva área quirúrgica garantizando atenciones de primer nivel','https://www.achs.cl/centro-de-noticias/noticia/2025/hospital-del-trabajador-achs-salud-inaugura-nueva-área-quirúrgica-garantizando-atenciones-de-primer-nivel','laboral','ACHS',NULL,'2025-07-11 14:58:24.237125');
INSERT INTO api_noticia VALUES(20,'Nuevas leyes, reglamentos y decretos legales','https://www.achs.cl/centro-de-noticias/noticia/2025/nuevas-leyes--reglamentos-y-decretos-legales','laboral','ACHS',NULL,'2025-07-11 14:58:24.241022');
INSERT INTO api_noticia VALUES(21,'Las 5 cosas que debes saber este 11 de julio: ciudadanía por nacimiento, narcoavioneta y quiz interactivo','https://cnnespanol.cnn.com/2025/07/11/mundo/5-cosas-11-julio-orix','internacional','CNN en Español',NULL,'2025-07-11 14:58:31.656667');
INSERT INTO api_noticia VALUES(22,'Irán expulsa a medio millón de afganos en 16 días desde el reciente conflicto con Israel, dice la ONU','https://cnnespanol.cnn.com/2025/07/11/mundo/iran-expulsa-afganos-onu-trax','internacional','CNN en Español',NULL,'2025-07-11 14:58:31.661419');
INSERT INTO api_noticia VALUES(23,'Trump afirma haber llegado a un acuerdo para enviar armas estadounidenses a Ucrania a través de la OTAN','https://cnnespanol.cnn.com/2025/07/11/mundo/eeuu-armas-ucrania-acuerdo-otan-trump-trax','internacional','CNN en Español',NULL,'2025-07-11 14:58:31.666165');
INSERT INTO api_noticia VALUES(24,'¿Qué pasará ahora que Trump se ha vuelto contra Putin?','https://cnnespanol.cnn.com/2025/07/11/mundo/trump-putin-rusia-ucrania-analisis-trax','internacional','CNN en Español',NULL,'2025-07-11 14:58:31.671139');
INSERT INTO api_noticia VALUES(25,'¿Cuánto sabes de las noticias de la semana? Haz el quiz de 5 Cosas','https://cnnespanol.cnn.com/2025/07/10/mundo/noticias-semana-quiz-5-cosas-orix','internacional','CNN en Español',NULL,'2025-07-11 14:58:31.675224');
INSERT INTO api_noticia VALUES(26,'Netanyahu dice que Israel entrará en negociaciones para un alto el fuego permanente durante una tregua de 60 días','https://cnnespanol.cnn.com/2025/07/10/mundo/netanyahu-alto-el-fuego-permanente-tregua-60-dias-hamas-trax','internacional','CNN en Español',NULL,'2025-07-11 14:58:31.683301');
INSERT INTO api_noticia VALUES(27,'Agente de inteligencia ucraniano muere a tiros en Kyiv en un aparente asesinato','https://cnnespanol.cnn.com/2025/07/10/mundo/oficial-inteligencia-ucraniano-muere-tiros-kyiv-trax','internacional','CNN en Español',NULL,'2025-07-11 14:58:31.689169');
INSERT INTO api_noticia VALUES(28,'Eran niños y hacían fila en un centro de salud en Gaza. Israel los mató en un ataque contra presunto miembro de Hamas','https://cnnespanol.cnn.com/2025/07/10/mundo/israel-mata-ocho-ninos-ataque-deir-al-balah-gaza-trax','internacional','CNN en Español',NULL,'2025-07-11 14:58:31.693056');
INSERT INTO api_noticia VALUES(29,'Brasil devuelve la carta de Trump sobre el arancel por considerarla "ofensiva" y contener "falsedades"','https://cnnespanol.cnn.com/2025/07/10/mundo/brasil-devuelve-carta-trump-arancel-efe','internacional','CNN en Español',NULL,'2025-07-11 14:58:31.699249');
INSERT INTO api_noticia VALUES(30,'Las 5 cosas que debes saber este 10 de julio: ''Alligator Alcatraz'', importaciones de cobre y Mundial de Clubes','https://cnnespanol.cnn.com/2025/07/10/mundo/5-cosas-10-julio-orix','internacional','CNN en Español',NULL,'2025-07-11 14:58:31.705945');
INSERT INTO api_noticia VALUES(31,'Al menos tres muertos y varios secuestrados en el segundo ataque de hutíes en una semana contra un carguero del mar Rojo','https://cnnespanol.cnn.com/2025/07/10/mundo/buque-rebeldes-huties-mar-rojo-reux','internacional','CNN en Español',NULL,'2025-07-11 14:58:31.712573');
INSERT INTO api_noticia VALUES(32,'Los drones rusos invaden Kyiv desde varios ángulos en un aparente cambio de táctica','https://cnnespanol.cnn.com/2025/07/10/mundo/rusia-asalto-aereo-ucrania-kyiv-trax','internacional','CNN en Español',NULL,'2025-07-11 14:58:31.716818');
INSERT INTO api_noticia VALUES(33,'Trump elogia el “buen inglés” del presidente de Liberia, lo que genera críticas en toda África','https://cnnespanol.cnn.com/2025/07/10/mundo/trump-elogia-buen-ingles-presidente-liberia-trax','internacional','CNN en Español',NULL,'2025-07-11 14:58:31.722457');
INSERT INTO api_noticia VALUES(34,'Parlamento Europeo aprueba incluir a Venezuela como país de alto riesgo de lavado de dinero y financiamiento al terrorismo','https://cnnespanol.cnn.com/2025/07/09/mundo/parlamento-europeo-incluir-venezuela-lavado-dinero-terrorismo-orix','internacional','CNN en Español',NULL,'2025-07-11 14:58:31.726712');
INSERT INTO api_noticia VALUES(35,'¿Responde Putin cuando Trump critica sus “tonterías”?','https://cnnespanol.cnn.com/2025/07/09/mundo/responde-putin-trump-critica-tonterias-trax','internacional','CNN en Español',NULL,'2025-07-11 14:58:31.730726');
INSERT INTO api_noticia VALUES(36,'Médicos desesperados meten varios bebés en una incubadora, mientras la crisis de combustible en Gaza alcanza un punto crítico','https://cnnespanol.cnn.com/2025/07/09/mundo/medicos-gaza-bebes-incubadora-crisis-combustible-trax','internacional','CNN en Español',NULL,'2025-07-11 14:58:31.734461');
INSERT INTO api_noticia VALUES(37,'Un hombre cayó en una grieta de un glaciar en Suiza y su chihuahua lo salvó','https://cnnespanol.cnn.com/2025/07/09/mundo/hombre-cayo-grieta-glaciar-chihuahua-salvo-ap','internacional','CNN en Español',NULL,'2025-07-11 14:58:31.738549');
INSERT INTO api_noticia VALUES(38,'El máximo tribunal europeo determina que Rusia violó el derecho internacional en Ucrania','https://cnnespanol.cnn.com/2025/07/09/mundo/tribunal-europeo-rusia-derecho-internacional-ucrania-trax','internacional','CNN en Español',NULL,'2025-07-11 14:58:31.743667');
INSERT INTO api_noticia VALUES(39,'Trump afirmó que amenazó con bombardear Moscú si Putin atacaba Ucrania, según muestran grabaciones de 2024','https://cnnespanol.cnn.com/2025/07/09/mundo/grabacion-trump-bomba-putin-recaudar-fondos-trax','internacional','CNN en Español',NULL,'2025-07-11 14:58:31.749397');
INSERT INTO api_noticia VALUES(40,'Las 5 cosas que debes saber este 9 de julio: tragedia en Texas, Tesla, ruinas de Rafah, TSA y aranceles al cobre','https://cnnespanol.cnn.com/2025/07/09/mundo/5-cosas-9-julio-orix','internacional','CNN en Español',NULL,'2025-07-11 14:58:31.756207');
INSERT INTO api_noticia VALUES(41,'Rusia lanza un ataque récord con drones contra Ucrania tras las críticas de Trump a Putin','https://cnnespanol.cnn.com/2025/07/09/mundo/rusia-ataque-ucrania-rusia-putin-trump-trax','internacional','CNN en Español',NULL,'2025-07-11 14:58:31.763600');
INSERT INTO api_noticia VALUES(42,'Alemania acusa a China de atacar con láser aviones en una misión de la UE','https://cnnespanol.cnn.com/2025/07/09/mundo/aeronaves-alemanas-buque-chino-laser-mar-rojo-reux','internacional','CNN en Español',NULL,'2025-07-11 14:58:31.773103');
INSERT INTO api_noticia VALUES(43,'Incendio forestal amenaza Marsella y cierra aeropuerto en el sur de Francia','https://cnnespanol.cnn.com/2025/07/08/mundo/incendio-forestal-amenaza-marsella-cierra-aeropuerto-sur-francia-trax','internacional','CNN en Español',NULL,'2025-07-11 14:58:31.777465');
INSERT INTO api_noticia VALUES(44,'Hamas usó la violencia sexual como "arma de guerra", dicen rehenes liberados en Gaza en un informe israelí','https://cnnespanol.cnn.com/2025/07/08/mundo/rehenes-gaza-victimas-violencia-sexual-hamas-guerra-trax','internacional','CNN en Español',NULL,'2025-07-11 14:58:31.785769');
INSERT INTO api_noticia VALUES(45,'La quiebra de Corona ya es oficial','https://www.df.cl/empresas/retail/luego-de-considerables-esfuerzos-y-con-gran-pesar-duenos-de-la','economica','Diario Financiero',NULL,'2025-07-11 14:58:37.303554');
INSERT INTO api_noticia VALUES(46,'Trump planea arancel para países que no reciban cartas','https://www.df.cl/internacional/economia/ahora-le-toco-a-canada-trump-anuncia-arancel-de-35-para-su-vecino-del','internacional','Diario Financiero',NULL,'2025-07-11 14:58:37.307399');
INSERT INTO api_noticia VALUES(47,'Defensoría del Consumidor critica al SII','https://www.df.cl/economia-y-politica/df-tax/dedecon-golpea-la-mesa-y-advierte-que-en-algunos-casos-el-sii-esta','politica','Diario Financiero',NULL,'2025-07-11 14:58:37.312201');
INSERT INTO api_noticia VALUES(48,'La remodelación con que Sheraton Miramar celebra 20 años','https://www.df.cl/empresas/industria/emblematico-hotel-sheraton-miramar-cumple-20-anos-remodelando-sus-142','economica','Diario Financiero',NULL,'2025-07-11 14:58:37.316055');
INSERT INTO api_noticia VALUES(49,'Confederación Nacional de la Industria de Brasil recibe con preocupación los aranceles del 50% de Trump','https://dfsud.com/america/confederacion-nacional-de-la-industria-de-brasil-recibe-con-preocupacion','politica','Diario Financiero',NULL,'2025-07-11 14:58:37.323009');
INSERT INTO api_noticia VALUES(50,'¿Cuáles son las empresas brasileñas más impactadas por los aranceles de Trump?','https://dfsud.com/america/cuales-son-las-empresas-brasilenas-mas-impactadas-por-los-aranceles-de','economica','Diario Financiero',NULL,'2025-07-11 14:58:37.326953');
INSERT INTO api_noticia VALUES(51,'Elecciones primarias: multas por 118 millones de pesos y 471 trabajadores con turnos suspendidos','https://www.dt.gob.cl/portal/1627/w3-article-127972.html','laboral','Dirección del Trabajo','2025-06-30','2025-07-11 14:58:43.648676');
INSERT INTO api_noticia VALUES(52,'Lo que debes saber sobre feriado y derechos cívicos por elecciones de este 29 de junio','https://www.dt.gob.cl/portal/1627/w3-article-127961.html','laboral','Dirección del Trabajo','2025-06-27','2025-07-11 14:58:43.658148');
INSERT INTO api_noticia VALUES(53,'Dirección del Trabajo difundió derechos laborales imperantes en Elecciones Primarias','https://www.dt.gob.cl/portal/1627/w3-article-127956.html','laboral','Dirección del Trabajo','2025-06-26','2025-07-11 14:58:43.663873');
INSERT INTO api_noticia VALUES(54,'Multas por 210 millones de pesos en fiscalización de buses interurbanos por feriado largo','https://www.dt.gob.cl/portal/1627/w3-article-127933.html','laboral','Dirección del Trabajo','2025-06-23','2025-07-11 14:58:43.668973');
INSERT INTO api_noticia VALUES(55,'Ya está operando nueva Comisión de lucha contra evasión fiscal, contrabando, fraude tributario y aduanero, lavado de activos, financiamiento del terrorismo y crimen organizado','https://www.sii.cl/noticias/2025/030725noti01aav.htm','tributaria','SII',NULL,'2025-07-11 14:58:48.066603');
INSERT INTO api_noticia VALUES(56,'Unión Europea posterga sus medidas comerciales de represalia contra Estados Unidos hasta principios de agosto','https://cnnespanol.cnn.com/2025/07/13/mundo/union-europea-retraso-aranceles-represalia-estados-unidos-trax','internacional','CNN en Español',NULL,'2025-07-13 16:43:26.331707');
INSERT INTO api_noticia VALUES(57,'Una bebé irlandesa fue abandonada en una fosa séptica hace 80 años. Su hermana no descansará hasta que la entierren','https://cnnespanol.cnn.com/2025/07/13/mundo/bebe-irlandesa-abandonada-fosa-septica-trax','internacional','CNN en Español',NULL,'2025-07-13 16:43:26.335923');
INSERT INTO api_noticia VALUES(58,'Reportan muerte de varios niños que recolectaban agua en Gaza, mientras se estancan negociaciones para un alto el fuego','https://cnnespanol.cnn.com/2025/07/13/mundo/ninos-mueren-agua-gaza-estancan-negociaciones-alto-fuego-trax','internacional','CNN en Español',NULL,'2025-07-13 16:43:26.340055');
INSERT INTO api_noticia VALUES(59,'Ucrania afirma haber matado a los agentes rusos sospechosos de asesinar a un oficial de inteligencia','https://cnnespanol.cnn.com/2025/07/13/mundo/ucrania-matado-agentes-rusos-asesinar-oficial-trx','internacional','CNN en Español',NULL,'2025-07-13 16:43:26.345062');
INSERT INTO api_noticia VALUES(60,'La droga mortal que complica el comercio entre Estados Unidos y China','https://cnnespanol.cnn.com/2025/07/13/mundo/fentanilo-comercio-china-estados-unidos-trax','internacional','CNN en Español',NULL,'2025-07-13 16:43:26.349721');
INSERT INTO api_noticia VALUES(61,'El informe sobre el accidente de Air India responde una pregunta clave, pero aún quedan varias sin respuesta','https://cnnespanol.cnn.com/2025/07/12/mundo/informe-accidente-air-india-pregunta-clave-surgen-otras-trax','internacional','CNN en Español',NULL,'2025-07-13 16:43:26.353981');
INSERT INTO api_noticia VALUES(62,'Kim Jong Un, de Corea del Norte, reitera su apoyo incondicional a "todas" las acciones rusas en Ucrania','https://cnnespanol.cnn.com/2025/07/12/mundo/canciller-rusia-kim-jong-un-corea-del-norte-involucra-guerra-ucrania-trax','internacional','CNN en Español',NULL,'2025-07-13 16:43:26.359081');
INSERT INTO api_noticia VALUES(63,'Israel y Hamas se acusan mutuamente del estancamiento en las negociaciones para una tregua en Gaza','https://cnnespanol.cnn.com/2025/07/12/mundo/israel-hamas-acusan-estancamiento-negociaciones-gaza-trax','internacional','CNN en Español',NULL,'2025-07-13 16:43:26.364003');
INSERT INTO api_noticia VALUES(64,'Golpeado pero no derrotado, Hamas adopta tácticas de guerrilla','https://cnnespanol.cnn.com/2025/07/12/mundo/golpeado-no-derrotado-hamas-tacticas-guerrilla-trax','internacional','CNN en Español',NULL,'2025-07-13 16:43:26.368368');
INSERT INTO api_noticia VALUES(65,'Palestino-estadounidense fue golpeado hasta la muerte por colonos israelíes en la Ribera Occidental','https://cnnespanol.cnn.com/2025/07/12/mundo/muerte-ciudadano-estadounidense-colonos-israelies-trax','internacional','CNN en Español',NULL,'2025-07-13 16:43:26.372476');
INSERT INTO api_noticia VALUES(66,'‘Temblando repetidamente durante muchos días’: la vida en una isla de Japón que sufre cientos de pequeños sismos','https://cnnespanol.cnn.com/2025/07/12/mundo/vida-isla-cientos-pequenos-terremotos-japon-trax','internacional','CNN en Español',NULL,'2025-07-13 16:43:26.376369');
INSERT INTO api_noticia VALUES(67,'El suministro de combustible a los motores se interrumpió antes del accidente de avión de Air India, según informe preliminar','https://cnnespanol.cnn.com/2025/07/11/mundo/corte-suministro-combustible-motores-accidente-air-india-trax','internacional','CNN en Español',NULL,'2025-07-13 16:43:26.380456');
INSERT INTO api_noticia VALUES(68,'Lo que revela sobre la Rusia de Putin el despido y la muerte del ministro de Transporte','https://cnnespanol.cnn.com/2025/07/11/mundo/despido-muerte-roman-starovoit-putin-rusia-trax','internacional','CNN en Español',NULL,'2025-07-13 16:43:26.384807');
INSERT INTO api_noticia VALUES(69,'El litigio de Ripley contra firma internacional','https://www.df.cl/df-mas/por-dentro/el-litigio-que-abrio-ripley-contra-la-firma-internacional-que-contrato-para','economica','Diario Financiero',NULL,'2025-07-13 16:43:32.751780');
INSERT INTO api_noticia VALUES(70,'Trump expresa su apoyo a la OTAN y afirma que "no ha terminado" con Putin, en una entrevista con la BBC','https://cnnespanol.cnn.com/2025/07/15/mundo/trump-apoyo-otan-putin-trax','internacional','CNN en Español',NULL,'2025-07-15 13:41:55.255988');
INSERT INTO api_noticia VALUES(71,'Las 5 cosas que debes saber este 15 de julio: Trump y Rusia, mejora Uribe Turbay y agua potable en Quito','https://cnnespanol.cnn.com/2025/07/15/mundo/5-cosas-15-julio-orix','internacional','CNN en Español',NULL,'2025-07-15 13:41:55.260739');
INSERT INTO api_noticia VALUES(72,'Rusia ve la ventana de 50 días de Trump como luz verde para mantener su brutal ofensiva en Ucrania','https://cnnespanol.cnn.com/2025/07/15/mundo/rusia-50-dias-trump-ofensiva-ucrania-trax','internacional','CNN en Español',NULL,'2025-07-15 13:41:55.264141');
INSERT INTO api_noticia VALUES(73,'¿Qué son los misiles Patriot y por qué Ucrania los necesita con tanta urgencia?','https://cnnespanol.cnn.com/2025/07/15/mundo/trump-ucrania-misiles-patriot-trax','internacional','CNN en Español',NULL,'2025-07-15 13:41:55.268640');
INSERT INTO api_noticia VALUES(74,'"Eran muy felices": una madre rusa defiende su decisión de vivir con sus dos hijas en una remota cueva de la India','https://cnnespanol.cnn.com/2025/07/15/mundo/felices-madre-rusa-hijas-remota-cueva-india-trax','internacional','CNN en Español',NULL,'2025-07-15 13:41:55.273311');
INSERT INTO api_noticia VALUES(75,'Muere la poeta Andrea Gibson, cándida exploradora de la vida, la muerte y la identidad, a los 49 años','https://cnnespanol.cnn.com/2025/07/15/mundo/muere-poeta-andrea-gibson-49-anos-ap','internacional','CNN en Español',NULL,'2025-07-15 13:41:55.278793');
INSERT INTO api_noticia VALUES(76,'“¿Por qué no previenen el terrorismo de los colonos?”: Palestinos denuncian a las FDI tras brutal muerte de un estadounidense','https://cnnespanol.cnn.com/2025/07/14/mundo/asesinato-saif-musallet-palestino-estadounidense-colonos-israelies-trax','internacional','CNN en Español',NULL,'2025-07-15 13:41:55.284152');
INSERT INTO api_noticia VALUES(77,'Hackean la cuenta de X de Elmo y publican mensajes antisemitas','https://cnnespanol.cnn.com/2025/07/14/mundo/hackeo-cuenta-x-elmo-publicaciones-antisemitas-trax','internacional','CNN en Español',NULL,'2025-07-15 13:41:55.288036');
INSERT INTO api_noticia VALUES(78,'La Unión Europea advierte que su comercio con Estados Unidos podría prácticamente desaparecer si Trump cumple su amenaza','https://cnnespanol.cnn.com/2025/07/14/mundo/union-europea-comercio-estados-unidos-desaparecer-trax','internacional','CNN en Español',NULL,'2025-07-15 13:41:55.297901');
INSERT INTO api_noticia VALUES(79,'El presidente de Irán resultó levemente herido en un ataque israelí en junio, según informa la agencia de noticias iraní Fars','https://cnnespanol.cnn.com/2025/07/14/mundo/presidente-iran-herido-ataque-israeli-junio-trax','internacional','CNN en Español',NULL,'2025-07-15 13:41:55.303656');
INSERT INTO api_noticia VALUES(80,'Exlíder israelí advierte que la proyectada "ciudad humanitaria" en Gaza sería un "campo de concentración"','https://cnnespanol.cnn.com/2025/07/14/mundo/israel-ciudad-humanitaria-gaza-campo-concentracion-trax','internacional','CNN en Español',NULL,'2025-07-15 13:41:55.308249');
INSERT INTO api_noticia VALUES(81,'Cuatro personas murieron luego de que se estrellara una avioneta en un aeropuerto cercano a Londres','https://cnnespanol.cnn.com/2025/07/14/mundo/accidente-avioneta-londres-ap','internacional','CNN en Español',NULL,'2025-07-15 13:41:55.312726');
INSERT INTO api_noticia VALUES(82,'Las 5 cosas que debes saber este 14 de julio: Deportaciones, aranceles, Gaza y final del Mundial de Clubes','https://cnnespanol.cnn.com/2025/07/14/mundo/5-cosas-14-julio-orix','internacional','CNN en Español',NULL,'2025-07-15 13:41:55.322385');
INSERT INTO api_noticia VALUES(83,'La biblioteca más antigua de Hungría lucha por salvar 100.000 libros de una plaga de escarabajos','https://cnnespanol.cnn.com/2025/07/14/mundo/biblioteca-hungria-lucha-libros-plaga-escarabajos-ap','internacional','CNN en Español',NULL,'2025-07-15 13:41:55.327431');
INSERT INTO api_noticia VALUES(84,'Un preso en Francia escapó escondido en una bolsa que llevaba su compañero de celda liberado','https://cnnespanol.cnn.com/2025/07/13/mundo/preso-francia-escapo-bolsa-companero-trax','internacional','CNN en Español',NULL,'2025-07-15 13:41:55.333610');
INSERT INTO api_noticia VALUES(85,'Las apuestas de inversión de los family offices','https://www.df.cl/mercados/bolsa-monedas/sector-inmobiliario-y-deuda-privada-las-apuestas-de-los-grandes-family','economica','Diario Financiero',NULL,'2025-07-15 13:42:03.550445');
INSERT INTO api_noticia VALUES(86,'Baja peaje para autos en Túnel El Melón','https://www.df.cl/empresas/construccion/peaje-del-tunel-el-melon-bajara-casi-a-la-mitad-para-automovilistas-y','economica','Diario Financiero',NULL,'2025-07-15 13:42:03.554205');
INSERT INTO api_noticia VALUES(87,'Disputa por embargo de bono en Escondida','https://www.df.cl/empresas/mineria/bhp-ofrece-prestamo-de-6-5-millones-a-trabajadores-afectados-por-embargo','economica','Diario Financiero',NULL,'2025-07-15 13:42:03.557862');
INSERT INTO api_noticia VALUES(88,'IPC en EEUU sube dentro de esperado','https://www.df.cl/internacional/economia/el-ipc-de-eeuu-sube-un-0-3-en-junio-en-linea-con-lo-esperado','internacional','Diario Financiero',NULL,'2025-07-15 13:42:03.561741');
INSERT INTO api_noticia VALUES(89,'Octavio Bofill ingresa a directorios de Iansa y Campos','https://www.df.cl/empresas/consumo/octavio-bofill-ingresa-a-directorios-de-empresas-iansa-y-campos-chilenos-en','economica','Diario Financiero',NULL,'2025-07-15 13:42:03.565363');
INSERT INTO api_noticia VALUES(90,'Director del Trabajo reforzó en Atacama agenda sindical, territorial y fiscalizadora','https://www.dt.gob.cl/portal/1627/w3-article-128010.html','laboral','Dirección del Trabajo','2025-07-14','2025-07-15 13:42:11.588505');
INSERT INTO api_noticia VALUES(91,'SII ha identificado a cerca de 70 posibles proveedores del comercio informal y prepara nuevos operativos de fiscalización y la presentación de acciones judiciales durante julio','https://www.sii.cl/noticias/2025/140725noti01pcr.htm','tributaria','SII',NULL,'2025-07-15 13:42:17.680434');
INSERT INTO api_noticia VALUES(92,'Israel intensifica su ofensiva en Gaza, agrava la hambruna y desata críticas de la comunidad internacional','https://cnnespanol.cnn.com/2025/07/22/mundo/israel-ofensiva-gaza-hambruna-trax','internacional','CNN en Español',NULL,'2025-07-22 15:59:09.127455');
INSERT INTO api_noticia VALUES(93,'El Supremo Tribunal de Brasil advierte a Bolsonaro por violar restricciones judiciales y amenaza con prisión','https://cnnespanol.cnn.com/2025/07/22/mundo/supremo-advierte-bolsonaro-violacion-restricciones-efe','internacional','CNN en Español',NULL,'2025-07-22 15:59:09.180390');
INSERT INTO api_noticia VALUES(94,'Las 5 cosas que debes saber este 22 de julio: Visa Integrity Fee, investigación contra Bukele y comparecencia de alias Fito','https://cnnespanol.cnn.com/2025/07/22/mundo/5-cosas-22-julio-orix','internacional','CNN en Español',NULL,'2025-07-22 15:59:09.184970');
INSERT INTO api_noticia VALUES(95,'Ciudadano estadounidense entre ocho miembros de una familia drusa asesinados durante la violencia sectaria en Siria','https://cnnespanol.cnn.com/2025/07/22/mundo/ciudadano-estadounidense-drusos-ejecutados-siria-trax','internacional','CNN en Español',NULL,'2025-07-22 15:59:09.189533');
INSERT INTO api_noticia VALUES(96,'Al menos 27 personas mueren tras estrellarse un avión de la Fuerza Aérea de Bangladesh en una escuela de Dacca','https://cnnespanol.cnn.com/2025/07/21/mundo/estrella-avion-bangladesh-muertos-trax','internacional','CNN en Español',NULL,'2025-07-22 15:59:09.194167');
INSERT INTO api_noticia VALUES(97,'Trump “sorprendido” por últimas acciones de Israel en Gaza y Siria. Crece el escepticismo hacia Netanyahu en la Casa Blanca','https://cnnespanol.cnn.com/2025/07/22/mundo/trump-netanyahu-israel-gaza-siria-trax','internacional','CNN en Español',NULL,'2025-07-22 15:59:09.198394');
INSERT INTO api_noticia VALUES(98,'¿Cuánto les importan a los republicanos los archivos de Epstein? Más de lo que podría parecer','https://cnnespanol.cnn.com/2025/07/21/mundo/archivos-jeffrey-epstein-importan-republicanos-trax','internacional','CNN en Español',NULL,'2025-07-22 15:59:09.201902');
INSERT INTO api_noticia VALUES(99,'Decenas de países critican a Israel: "el sufrimiento de los civiles en Gaza ha alcanzado nuevos niveles"','https://cnnespanol.cnn.com/2025/07/21/mundo/paises-critican-israel-ayuda-gaza-masacre-palestinos-trax','internacional','CNN en Español',NULL,'2025-07-22 15:59:09.207127');
INSERT INTO api_noticia VALUES(100,'Barcelona cerrará dos de sus terminales de cruceros para reducir el número de turistas','https://cnnespanol.cnn.com/2025/07/21/mundo/barcelona-cerrara-terminales-cruceros-turismo-trax','internacional','CNN en Español',NULL,'2025-07-22 15:59:09.212343');
INSERT INTO api_noticia VALUES(101,'Tanques israelíes entran en la ciudad de Deir al-Balah, en Gaza, por primera vez desde que comenzó la guerra','https://cnnespanol.cnn.com/2025/07/21/mundo/tanques-israelies-deir-al-balah-gaza-trax','internacional','CNN en Español',NULL,'2025-07-22 15:59:09.216090');
INSERT INTO api_noticia VALUES(102,'Las 5 cosas que debes saber este 21 de julio: deportaciones, Gaza, inundaciones y profesor asesinado en Grecia','https://cnnespanol.cnn.com/2025/07/21/mundo/5-cosas-21-de-julio-orix','internacional','CNN en Español',NULL,'2025-07-22 15:59:09.221072');
INSERT INTO api_noticia VALUES(103,'Una oleada mortal de misiles rusos azota Ucrania mientras drones de Kyiv provocan interrupciones en el aeropuerto de Moscú','https://cnnespanol.cnn.com/2025/07/21/mundo/oleada-mortal-misiles-rusos-ucrania-kyiv-aeropuerto-moscu-trax','internacional','CNN en Español',NULL,'2025-07-22 15:59:09.227393');
INSERT INTO api_noticia VALUES(104,'Una pareja fue acusada de tener una relación "ilícita". Su comunidad presuntamente la mató a tiros','https://cnnespanol.cnn.com/2025/07/21/mundo/pareja-acusada-relacion-ilicita-comunidad-mato-a-tiros-trax','internacional','CNN en Español',NULL,'2025-07-22 15:59:09.232471');
INSERT INTO api_noticia VALUES(105,'Piloto de avión regional de Delta se disculpa con los pasajeros por una "maniobra agresiva" para evitar un bombardero B-52','https://cnnespanol.cnn.com/2025/07/21/mundo/piloto-delta-maniobra-agresiva-bombardero-b-52-trax','internacional','CNN en Español',NULL,'2025-07-22 15:59:09.236600');
INSERT INTO api_noticia VALUES(106,'Alaska Airlines cancela todos sus vuelos debido a una falla informática','https://cnnespanol.cnn.com/2025/07/21/mundo/alaska-airlines-cancela-vuelos-falla-informatica-trax','internacional','CNN en Español',NULL,'2025-07-22 15:59:09.240934');
INSERT INTO api_noticia VALUES(107,'Profesor universitario murió violentamente en Grecia; el sospechoso es la nueva pareja de su exesposa','https://cnnespanol.cnn.com/2025/07/20/mundo/muerte-jeziorski-profesor-berkeley-grecia-sospechoso-trax','internacional','CNN en Español',NULL,'2025-07-22 15:59:09.245171');
INSERT INTO api_noticia VALUES(108,'Niña de cuatro años muere de hambre en Gaza en medio de la restricción de alimentos impuesta por Israel','https://cnnespanol.cnn.com/2025/07/20/mundo/muerte-razan-abu-zaher-hambre-gaza-bloqueo-israel-trax','internacional','CNN en Español',NULL,'2025-07-22 15:59:09.248654');
INSERT INTO api_noticia VALUES(109,'Soldados israelíes disparan a personas que buscaban ayuda humanitaria en Gaza: hay al menos 73 muertos, según autoridades','https://cnnespanol.cnn.com/2025/07/20/mundo/muertos-ayuda-humanitaria-gaza-disparos-israelies-trax','internacional','CNN en Español',NULL,'2025-07-22 15:59:09.253053');
INSERT INTO api_noticia VALUES(110,'Niño sobrevive al hundimiento de un barco turístico en Vietnam que dejó decenas de muertos refugiándose en una bolsa de aire','https://cnnespanol.cnn.com/2025/07/20/mundo/nino-sobrevive-hundimiento-barco-turistico-vietnam-muertos-trax','internacional','CNN en Español',NULL,'2025-07-22 15:59:09.257676');
INSERT INTO api_noticia VALUES(111,'Rusia está lista para alcanzar un acuerdo de paz con Ucrania, pero su prioridad es "lograr sus objetivos"','https://cnnespanol.cnn.com/2025/07/20/mundo/rusia-acuerdo-paz-ucrania-trax','internacional','CNN en Español',NULL,'2025-07-22 15:59:09.262529');
INSERT INTO api_noticia VALUES(112,'Hong Kong cancela 500 vuelos mientras un potente tifón azota la ciudad','https://cnnespanol.cnn.com/2025/07/20/mundo/hong-kong-500-vuelos-potente-tifon-ciudad-trax','internacional','CNN en Español',NULL,'2025-07-22 15:59:09.266377');
INSERT INTO api_noticia VALUES(113,'El alto el fuego en el sur de Siria parece mantenerse mientras Estados Unidos exige a Damasco que ponga fin a la violencia','https://cnnespanol.cnn.com/2025/07/20/mundo/alto-fuego-sur-siria-estados-unidos-violencia-trax','internacional','CNN en Español',NULL,'2025-07-22 15:59:09.270138');
INSERT INTO api_noticia VALUES(114,'Cómo una víctima del huracán Katrina ayuda a los supervivientes más pequeños de las inundaciones en Texas','https://cnnespanol.cnn.com/2025/07/20/mundo/victima-huracan-katrina-supervivientes-inundaciones-texas-trax','internacional','CNN en Español',NULL,'2025-07-22 15:59:09.274584');
INSERT INTO api_noticia VALUES(115,'“Nada ha cambiado”: Irán intenta rearmar a grupos aliados ante el estancamiento de las conversaciones con EE.UU.','https://cnnespanol.cnn.com/2025/07/19/mundo/iran-rearme-grupos-aliados-trax','internacional','CNN en Español',NULL,'2025-07-22 15:59:09.278910');
INSERT INTO api_noticia VALUES(116,'Ucrania convoca reunión con Rusia para conversaciones sobre alto el fuego la próxima semana','https://cnnespanol.cnn.com/2025/07/19/mundo/ucrania-convoca-conversaciones-rusia-trax','internacional','CNN en Español',NULL,'2025-07-22 15:59:09.282724');
INSERT INTO api_noticia VALUES(117,'Rescatistas buscan sobrevivientes tras el naufragio de un barco turístico que ha dejado decenas de muertos en Vietnam','https://cnnespanol.cnn.com/2025/07/19/mundo/muertos-naufragio-turistas-vietnam-trax','internacional','CNN en Español',NULL,'2025-07-22 15:59:09.286222');
INSERT INTO api_noticia VALUES(118,'El gobierno de Siria despliega fuerzas en el conflictivo sur del país tras una semana de violencia','https://cnnespanol.cnn.com/2025/07/19/mundo/siria-despliega-fuerzas-suwayda-violencia-trax','internacional','CNN en Español',NULL,'2025-07-22 15:59:09.291351');
INSERT INTO api_noticia VALUES(119,'Más de 30 muertos en ataque de Israel contra personas que buscaban comida en Gaza, según el Ministerio de Salud del enclave','https://cnnespanol.cnn.com/2025/07/19/mundo/muertos-ataque-israel-comida-gaza-trax','internacional','CNN en Español',NULL,'2025-07-22 15:59:09.296015');
INSERT INTO api_noticia VALUES(120,'19 heridos tras un espectáculo de fuegos artificiales fallido en una feria en Alemania','https://cnnespanol.cnn.com/2025/07/19/mundo/heridos-fuegos-artificiales-fallido-alemania-ap','internacional','CNN en Español',NULL,'2025-07-22 15:59:09.299547');
INSERT INTO api_noticia VALUES(121,'Expulsados de Bhután, deportados por EE.UU.: estos himalayos apátridas viven en un inusual limbo','https://cnnespanol.cnn.com/2025/07/18/mundo/refugiados-butan-deportados-eeuu-hotshampa-trax','internacional','CNN en Español',NULL,'2025-07-22 15:59:09.303188');
INSERT INTO api_noticia VALUES(122,'Alertan en Argentina por contratación de chilenos en cobre','https://www.df.cl/empresas/mineria/agrupaciones-mineras-argentinas-alertan-por-la-contratacion-de-chilenos-en','economica','Diario Financiero',NULL,'2025-07-22 15:59:15.190322');
INSERT INTO api_noticia VALUES(123,'Etcheberry hace sus descargos: "Yo no quería irme"','https://www.df.cl/economia-y-politica/pais/yo-no-me-queria-ir-etcheberry-entrega-sus-descargos-y-reconoce-errores','politica','Diario Financiero',NULL,'2025-07-22 15:59:15.194698');
INSERT INTO api_noticia VALUES(124,'Nuevos ajustes internos en la SMA','https://www.df.cl/empresas/industria/sma-sorprende-al-sector-con-nuevo-ajuste-interno-con-foco-ciudadano-en-el','economica','Diario Financiero',NULL,'2025-07-22 15:59:15.199974');
INSERT INTO api_noticia VALUES(125,'Hacienda propone postergar 1 año reavalúos','https://www.df.cl/economia-y-politica/df-tax/reforma-tributaria-de-hacienda-incluye-postergar-en-un-ano-el-reavaluo-de','politica','Diario Financiero',NULL,'2025-07-22 15:59:15.203601');
INSERT INTO api_noticia VALUES(126,'Boom de visitas de argentinos a los Mallplaza','https://www.df.cl/empresas/retail/visitas-de-turistas-argentinos-a-algunos-centros-comerciales-de-mallplaza','economica','Diario Financiero',NULL,'2025-07-22 15:59:15.208051');
INSERT INTO api_noticia VALUES(127,'Votación Sindical Electrónica de la DT se presenta en Concepción','https://www.dt.gob.cl/portal/1627/w3-article-128066.html','laboral','Dirección del Trabajo','2025-07-18','2025-07-22 15:59:20.212173');
INSERT INTO api_noticia VALUES(128,'Dirección del Trabajo analiza efectos de las leyes de 40 Horas, Karin, salario mínimo y conciliación de la vida personal y laboral','https://www.dt.gob.cl/portal/1627/w3-article-128023.html','laboral','Dirección del Trabajo','2025-07-15','2025-07-22 15:59:20.221920');
INSERT INTO api_noticia VALUES(129,'Director del SII pagará toda la diferencia de contribuciones que se determine por ampliación de su propiedad en Paine, sin considerar límite legal de prescripción','https://www.sii.cl/noticias/2025/180725noti01aav.htm','tributaria','SII',NULL,'2025-07-22 15:59:25.489693');
INSERT INTO api_noticia VALUES(130,unistr('Online, libre y gratuita:\u000d\u000a\u000d\u000aChileMujeres y la Achs renuevan capacitación y guía para prevenir acoso y violencia laboral'),'https://www.achs.cl/centro-de-noticias/noticia/2025/online--libre-y-gratuita---chilemujeres-y-la-achs-renuevan-capacitación-y-guía-para-prevenir-acoso-y-violencia-laboral','laboral','ACHS',NULL,'2025-08-01 23:13:03.317629');
INSERT INTO api_noticia VALUES(131,'Más de 1.400 personas han participado en los Encuentros de Comités Paritarios realizados por la Achs en el primer semestre','https://www.achs.cl/centro-de-noticias/noticia/2025/mas-de-1400-personas-han-participado-en-los-encuentros-de-comites-paritarios-realizados-por-la-achs-en-el-primer-semestre','laboral','ACHS',NULL,'2025-08-01 23:13:03.322566');
INSERT INTO api_noticia VALUES(132,'Una de cada cinco personas dice haber estado expuesta al menos a una conducta ofensiva en el trabajo','https://www.achs.cl/centro-de-noticias/noticia/2025/una-de-cada-cinco-personas-dice-haber-estado-expuesta-al-menos-a-una-conducta-ofensiva-en-el-trabajo','laboral','ACHS',NULL,'2025-08-01 23:13:03.327117');
INSERT INTO api_noticia VALUES(133,'Conoce nuestro nuevo modelo predictivo con IA para evitar accidentes laborales graves y fatales','https://www.achs.cl/centro-de-noticias/noticia/2025/conoce-nuestro-nuevo-modelo-predictivo-con-ia-para-evitar-accidentes-laborales-graves-y-fatales','laboral','ACHS',NULL,'2025-08-01 23:13:03.332991');
INSERT INTO api_noticia VALUES(134,'Centros de Entrenamiento Achs: Revisa los cursos prácticos y gratuitos en riesgos mayores','https://www.achs.cl/centro-de-noticias/noticia/2025/centros-de-entrenamiento-achs--revisa-los-cursos-prácticos-y-gratuitos-en-riesgos-mayores','laboral','ACHS',NULL,'2025-08-01 23:13:03.339005');
INSERT INTO api_noticia VALUES(135,'Actividades de invierno: Toma nota de estos consejos para prevenir accidentes','https://www.achs.cl/centro-de-noticias/noticia/2025/actividades-de-invierno--toma-nota-de-estos-consejos-para-prevenir-accidentes','laboral','ACHS',NULL,'2025-08-01 23:13:03.344151');
INSERT INTO api_noticia VALUES(136,'¡Llega WhatsApp Learn! La nueva forma de capacitarte en seguridad laboral','https://www.achs.cl/centro-de-noticias/noticia/2025/llega-whatsapp-learn-la-nueva-forma-de-capacitarte-en-seguridad-laboral','laboral','ACHS',NULL,'2025-08-01 23:13:03.348870');
CREATE TABLE IF NOT EXISTS "api_documentocliente" ("id" integer NOT NULL PRIMARY KEY AUTOINCREMENT, "descripcion" varchar(255) NOT NULL, "archivo" varchar(100) NOT NULL, "fecha_subida" datetime NOT NULL, "cliente_id" bigint NOT NULL REFERENCES "usuarios_customuser" ("id") DEFERRABLE INITIALLY DEFERRED);
INSERT INTO api_documentocliente VALUES(3,'prueba','documentos_clientes/vagabond.jpg','2025-07-11 16:11:35.192325',2);
INSERT INTO api_documentocliente VALUES(4,'asda','documentos_clientes/Datos_Sociedad_JMG_1vDWrjq.xlsx','2025-07-14 15:58:07.354702',2);
INSERT INTO api_documentocliente VALUES(5,'prueba3','documentos_clientes/MER.pdf','2025-07-14 16:08:15.532923',2);
INSERT INTO api_documentocliente VALUES(6,'aa','documentos_clientes/vagabond3.jpg','2025-07-14 16:08:47.540475',2);
INSERT INTO api_documentocliente VALUES(7,'prueba','documentos_clientes/Datos_Sociedad_JMG_C5LLDPI.xlsx','2025-07-15 13:13:45.947120',2);
CREATE TABLE IF NOT EXISTS "api_documentoleido" ("id" integer NOT NULL PRIMARY KEY AUTOINCREMENT, "revisado_en" datetime NOT NULL, "cliente_id" bigint NOT NULL REFERENCES "usuarios_customuser" ("id") DEFERRABLE INITIALLY DEFERRED, "documento_id" bigint NOT NULL REFERENCES "api_documentocliente" ("id") DEFERRABLE INITIALLY DEFERRED);
INSERT INTO api_documentoleido VALUES(2,'2025-07-11 16:12:17.900954',2,3);
INSERT INTO api_documentoleido VALUES(3,'2025-07-14 15:58:35.530969',2,4);
INSERT INTO api_documentoleido VALUES(4,'2025-07-14 16:16:30.005437',2,6);
INSERT INTO api_documentoleido VALUES(5,'2025-07-14 16:16:32.509919',2,5);
INSERT INTO api_documentoleido VALUES(6,'2025-07-15 13:14:19.285434',2,7);
CREATE TABLE IF NOT EXISTS "api_mensajecliente" ("id" integer NOT NULL PRIMARY KEY AUTOINCREMENT, "contenido" text NOT NULL, "fecha" datetime NOT NULL, "leido" bool NOT NULL, "cliente_id" bigint NOT NULL REFERENCES "usuarios_customuser" ("id") DEFERRABLE INITIALLY DEFERRED);
INSERT INTO api_mensajecliente VALUES(1,'mensaje de prueba','2025-07-11 16:15:33.163083',1,2);
INSERT INTO api_mensajecliente VALUES(2,'documento subido','2025-07-14 15:58:16.331357',1,2);
INSERT INTO api_mensajecliente VALUES(3,'hola','2025-07-14 16:11:55.239032',1,2);
INSERT INTO api_mensajecliente VALUES(4,'hola','2025-07-14 16:14:23.600508',1,2);
INSERT INTO api_mensajecliente VALUES(5,'mensaje de prueba','2025-07-15 13:13:53.481428',1,2);
CREATE TABLE IF NOT EXISTS "django_session" ("session_key" varchar(40) NOT NULL PRIMARY KEY, "session_data" text NOT NULL, "expire_date" datetime NOT NULL);
INSERT INTO django_session VALUES('19nxp5l7t5cy1vdu3asljl68y283jw7o','.eJxVjMsOwiAQAP-FsyG8urQevfcbCOxupWogKe3J-O-GpAe9zkzmLUI89hyOxltYSVyFFpdfliI-uXRBj1juVWIt-7Ym2RN52ibnSvy6ne3fIMeW-9YgWat9BA96ATaTS2oE7SJagziyBdLKkks8DLh47zRMyrEyjhIqIz5fxuY3Kg:1uaFEd:Yp1vTt-AaAa0v2XaHkD7wiawvg_rL-BXi6tuRMDgtug','2025-07-25 15:00:23.702154');
INSERT INTO django_session VALUES('vfsudr2bc42ugcq21y8gikkllo1ds07u','.eJxVjMsOwiAQAP-FsyG8urQevfcbCOxupWogKe3J-O-GpAe9zkzmLUI89hyOxltYSVyFFpdfliI-uXRBj1juVWIt-7Ym2RN52ibnSvy6ne3fIMeW-9YgWat9BA96ATaTS2oE7SJagziyBdLKkks8DLh47zRMyrEyjhIqIz5fxuY3Kg:1uaZXl:4N_iNfcHgeNywKWARHB14dJ2sEzDn7PzFpPOMrkqvSw','2025-07-26 12:41:29.209586');
CREATE TABLE IF NOT EXISTS "api_mensajecontacto" ("id" integer NOT NULL PRIMARY KEY AUTOINCREMENT, "nombre" varchar(100) NOT NULL, "email" varchar(254) NOT NULL, "mensaje" text NOT NULL, "leido" bool NOT NULL, "creado_en" datetime NOT NULL);
INSERT INTO api_mensajecontacto VALUES(1,'Javier Silva','javie.silvav@duocuc.cl','prueba',0,'2025-07-22 18:13:10.140044');
INSERT INTO api_mensajecontacto VALUES(2,'Javier Villalobos','javie.silvav@duocuc.cl','Hola, probando',0,'2025-07-22 18:18:40.261224');
INSERT INTO api_mensajecontacto VALUES(3,'Javier Silva','jsilvavillalobos42@gmail.com','Prueba número 3',0,'2025-07-22 18:24:44.923496');
INSERT INTO sqlite_sequence VALUES('django_migrations',22);
INSERT INTO sqlite_sequence VALUES('django_content_type',11);
INSERT INTO sqlite_sequence VALUES('auth_permission',44);
INSERT INTO sqlite_sequence VALUES('auth_group',0);
INSERT INTO sqlite_sequence VALUES('django_admin_log',7);
INSERT INTO sqlite_sequence VALUES('api_documentocliente',7);
INSERT INTO sqlite_sequence VALUES('api_documentoleido',6);
INSERT INTO sqlite_sequence VALUES('api_mensajecliente',5);
INSERT INTO sqlite_sequence VALUES('usuarios_customuser',3);
INSERT INTO sqlite_sequence VALUES('api_noticia',136);
INSERT INTO sqlite_sequence VALUES('api_mensajecontacto',3);
CREATE UNIQUE INDEX "django_content_type_app_label_model_76bd3d3b_uniq" ON "django_content_type" ("app_label", "model");
CREATE UNIQUE INDEX "auth_group_permissions_group_id_permission_id_0cd325b0_uniq" ON "auth_group_permissions" ("group_id", "permission_id");
CREATE INDEX "auth_group_permissions_group_id_b120cbf9" ON "auth_group_permissions" ("group_id");
CREATE INDEX "auth_group_permissions_permission_id_84c5c92e" ON "auth_group_permissions" ("permission_id");
CREATE UNIQUE INDEX "auth_permission_content_type_id_codename_01ab375a_uniq" ON "auth_permission" ("content_type_id", "codename");
CREATE INDEX "auth_permission_content_type_id_2f476e4b" ON "auth_permission" ("content_type_id");
CREATE UNIQUE INDEX "usuarios_customuser_groups_customuser_id_group_id_aace3972_uniq" ON "usuarios_customuser_groups" ("customuser_id", "group_id");
CREATE INDEX "usuarios_customuser_groups_customuser_id_9e05d670" ON "usuarios_customuser_groups" ("customuser_id");
CREATE INDEX "usuarios_customuser_groups_group_id_155d554c" ON "usuarios_customuser_groups" ("group_id");
CREATE UNIQUE INDEX "usuarios_customuser_user_permissions_customuser_id_permission_id_8dac6e14_uniq" ON "usuarios_customuser_user_permissions" ("customuser_id", "permission_id");
CREATE INDEX "usuarios_customuser_user_permissions_customuser_id_c016378e" ON "usuarios_customuser_user_permissions" ("customuser_id");
CREATE INDEX "usuarios_customuser_user_permissions_permission_id_9a10b097" ON "usuarios_customuser_user_permissions" ("permission_id");
CREATE INDEX "django_admin_log_content_type_id_c4bce8eb" ON "django_admin_log" ("content_type_id");
CREATE INDEX "django_admin_log_user_id_c564eba6" ON "django_admin_log" ("user_id");
CREATE INDEX "api_documentocliente_cliente_id_179a20d6" ON "api_documentocliente" ("cliente_id");
CREATE INDEX "api_documentoleido_cliente_id_502d8439" ON "api_documentoleido" ("cliente_id");
CREATE INDEX "api_documentoleido_documento_id_f28160ce" ON "api_documentoleido" ("documento_id");
CREATE INDEX "api_mensajecliente_cliente_id_e5fe0522" ON "api_mensajecliente" ("cliente_id");
CREATE UNIQUE INDEX "api_documentoleido_documento_id_cliente_id_bf2fb759_uniq" ON "api_documentoleido" ("documento_id", "cliente_id");
CREATE INDEX "django_session_expire_date_a5c62663" ON "django_session" ("expire_date");
COMMIT;
